Workbook

Sheet 说明
A1: 聆竹の休闲田园经济 · 手动调价表
A2: 只改蓝色“手调价（小麦）”列；其余结果会自动换算。
A4: 小麦基准 | B4: 50 | C4: 金币 = 1 小麦价值
A5: 一组数量 | B5: 64 | C5: 个物品 = 1 组
A6: 价格口径 | B6: 基础价 | C6: 不包含每天的市场涨跌
A7: 64制示例 | B7: 130 | C7: 小麦 = 2组+2个
A10: 使用方式
A11: 1. “出售价格”是玩家卖给商人的价格；“购买价格”是玩家向商人买东西的价格。
A12: 2. 原价（小麦）是当前参考值；蓝色手调价默认等于原价，可直接覆盖。
A13: 3. 64制会把小麦价值显示为“几组+几个”；新金币价 = 手调小麦价值 × 50。
A14: 4. 改过的蓝色单元格会自动变成浅黄色，方便你回头检查。

Sheet 出售价格
A1: 出售价格 · 玩家卖给商人
A2: 蓝色列是唯一需要手动修改的价格；按商品名或类别筛选即可。
A4: 商品 | B4: 类别 / 品质 | C4: 原价（小麦） | D4: 手调价（小麦） | E4: 64制显示 | F4: 新金币价 | G4: 交易信息
A5: 小麦 | B5: 核心农产 | C5: 1 | D5: 1 | E5: =IF(D5="","",IF(INT(D5/说明!$B$5)=0,ROUND(D5,2)&"个",INT(D5/说明!$B$5)&"组"&IF(ROUND(MOD(D5,说明!$B$5),2)=0,"","+"&ROUND(MOD(D5,说明!$B$5),2)&"个"))) | F5: =ROUND(D5*说明!$B$4,0) | G5: 波动 35%
A6: 胡萝卜 | B6: 核心农产 | C6: 1 | D6: 0.8 | E6: =IF(D6="","",IF(INT(D6/说明!$B$5)=0,ROUND(D6,2)&"个",INT(D6/说明!$B$5)&"组"&IF(ROUND(MOD(D6,说明!$B$5),2)=0,"","+"&ROUND(MOD(D6,说明!$B$5),2)&"个"))) | F6: =ROUND(D6*说明!$B$4,0) | G6: 波动 35%
A7: 马铃薯 | B7: 核心农产 | C7: 0.8 | D7: 0.8 | E7: =IF(D7="","",IF(INT(D7/说明!$B$5)=0,ROUND(D7,2)&"个",INT(D7/说明!$B$5)&"组"&IF(ROUND(MOD(D7,说明!$B$5),2)=0,"","+"&ROUND(MOD(D7,说明!$B$5),2)&"个"))) | F7: =ROUND(D7*说明!$B$4,0) | G7: 波动 35%
A8: 甜菜根 | B8: 核心农产 | C8: 1.4 | D8: 1 | E8: =IF(D8="","",IF(INT(D8/说明!$B$5)=0,ROUND(D8,2)&"个",INT(D8/说明!$B$5)&"组"&IF(ROUND(MOD(D8,说明!$B$5),2)=0,"","+"&ROUND(MOD(D8,说明!$B$5),2)&"个"))) | F8: =ROUND(D8*说明!$B$4,0) | G8: 波动 35%
A9: 南瓜 | B9: 核心农产 | C9: 3.4 | D9: 2.5 | E9: =IF(D9="","",IF(INT(D9/说明!$B$5)=0,ROUND(D9,2)&"个",INT(D9/说明!$B$5)&"组"&IF(ROUND(MOD(D9,说明!$B$5),2)=0,"","+"&ROUND(MOD(D9,说明!$B$5),2)&"个"))) | F9: =ROUND(D9*说明!$B$4,0) | G9: 波动 35%
A10: 西瓜 | B10: 核心农产 | C10: 5 | D10: 3 | E10: =IF(D10="","",IF(INT(D10/说明!$B$5)=0,ROUND(D10,2)&"个",INT(D10/说明!$B$5)&"组"&IF(ROUND(MOD(D10,说明!$B$5),2)=0,"","+"&ROUND(MOD(D10,说明!$B$5),2)&"个"))) | F10: =ROUND(D10*说明!$B$4,0) | G10: 波动 35%
A11: 西瓜片 | B11: 核心农产 | C11: 0.6 | D11: 0.6 | E11: =IF(D11="","",IF(INT(D11/说明!$B$5)=0,ROUND(D11,2)&"个",INT(D11/说明!$B$5)&"组"&IF(ROUND(MOD(D11,说明!$B$5),2)=0,"","+"&ROUND(MOD(D11,说明!$B$5),2)&"个"))) | F11: =ROUND(D11*说明!$B$4,0) | G11: 波动 35%
A12: 甘蔗 | B12: 核心农产 | C12: 0.8 | D12: 0.7 | E12: =IF(D12="","",IF(INT(D12/说明!$B$5)=0,ROUND(D12,2)&"个",INT(D12/说明!$B$5)&"组"&IF(ROUND(MOD(D12,说明!$B$5),2)=0,"","+"&ROUND(MOD(D12,说明!$B$5),2)&"个"))) | F12: =ROUND(D12*说明!$B$4,0) | G12: 波动 35%
A13: 仙人掌 | B13: 核心农产 | C13: 0.6 | D13: 0.8 | E13: =IF(D13="","",IF(INT(D13/说明!$B$5)=0,ROUND(D13,2)&"个",INT(D13/说明!$B$5)&"组"&IF(ROUND(MOD(D13,说明!$B$5),2)=0,"","+"&ROUND(MOD(D13,说明!$B$5),2)&"个"))) | F13: =ROUND(D13*说明!$B$4,0) | G13: 波动 35%
A14: 可可豆 | B14: 次级农产 | C14: 1 | D14: 1.5 | E14: =IF(D14="","",IF(INT(D14/说明!$B$5)=0,ROUND(D14,2)&"个",INT(D14/说明!$B$5)&"组"&IF(ROUND(MOD(D14,说明!$B$5),2)=0,"","+"&ROUND(MOD(D14,说明!$B$5),2)&"个"))) | F14: =ROUND(D14*说明!$B$4,0) | G14: 波动 30%
A15: 红色蘑菇 | B15: 次级农产 | C15: 1 | D15: 1 | E15: =IF(D15="","",IF(INT(D15/说明!$B$5)=0,ROUND(D15,2)&"个",INT(D15/说明!$B$5)&"组"&IF(ROUND(MOD(D15,说明!$B$5),2)=0,"","+"&ROUND(MOD(D15,说明!$B$5),2)&"个"))) | F15: =ROUND(D15*说明!$B$4,0) | G15: 波动 30%
A16: 棕色蘑菇 | B16: 次级农产 | C16: 1 | D16: 1 | E16: =IF(D16="","",IF(INT(D16/说明!$B$5)=0,ROUND(D16,2)&"个",INT(D16/说明!$B$5)&"组"&IF(ROUND(MOD(D16,说明!$B$5),2)=0,"","+"&ROUND(MOD(D16,说明!$B$5),2)&"个"))) | F16: =ROUND(D16*说明!$B$4,0) | G16: 波动 30%
... A33: 16 色羊毛（任一颜色） | B33: 畜牧产物 | C33: 1.6 | D33: 1.4 | E33: =IF(D33="","",IF(INT(D33/说明!$B$5)=0,ROUND(D33,2)&"个",INT(D33/说明!$B$5)&"组"&IF(ROUND(MOD(D33,说明!$B$5),2)=0,"","+"&ROUND(MOD(D33,说明!$B$5),2)&"个"))) | F33: =ROUND(D33*说明!$B$4,0) | G33: 波动 30%

Sheet 购买价格
A1: 购买价格 · 玩家向商人购买
A2: 蓝色列是唯一需要手动修改的价格；按商品名或类别筛选即可。
A4: 商品 | B4: 类别 / 品质 | C4: 原价（小麦） | D4: 手调价（小麦） | E4: 64制显示 | F4: 新金币价 | G4: 交易信息
A5: 小麦种子 | B5: 普通 | C5: 16 | D5: 16 | E5: =IF(D5="","",IF(INT(D5/说明!$B$5)=0,ROUND(D5,2)&"个",INT(D5/说明!$B$5)&"组"&IF(ROUND(MOD(D5,说明!$B$5),2)=0,"","+"&ROUND(MOD(D5,说明!$B$5),2)&"个"))) | F5: =ROUND(D5*说明!$B$4,0) | G5: 波动 20% · 库存 不限
A6: 胡萝卜 | B6: 普通 | C6: 16 | D6: 16 | E6: =IF(D6="","",IF(INT(D6/说明!$B$5)=0,ROUND(D6,2)&"个",INT(D6/说明!$B$5)&"组"&IF(ROUND(MOD(D6,说明!$B$5),2)=0,"","+"&ROUND(MOD(D6,说明!$B$5),2)&"个"))) | F6: =ROUND(D6*说明!$B$4,0) | G6: 波动 20% · 库存 不限
A7: 马铃薯 | B7: 普通 | C7: 16 | D7: 16 | E7: =IF(D7="","",IF(INT(D7/说明!$B$5)=0,ROUND(D7,2)&"个",INT(D7/说明!$B$5)&"组"&IF(ROUND(MOD(D7,说明!$B$5),2)=0,"","+"&ROUND(MOD(D7,说明!$B$5),2)&"个"))) | F7: =ROUND(D7*说明!$B$4,0) | G7: 波动 20% · 库存 不限
A8: 甜菜种子 | B8: 普通 | C8: 19.2 | D8: 32 | E8: =IF(D8="","",IF(INT(D8/说明!$B$5)=0,ROUND(D8,2)&"个",INT(D8/说明!$B$5)&"组"&IF(ROUND(MOD(D8,说明!$B$5),2)=0,"","+"&ROUND(MOD(D8,说明!$B$5),2)&"个"))) | F8: =ROUND(D8*说明!$B$4,0) | G8: 波动 20% · 库存 不限
A9: 南瓜种子 | B9: 普通 | C9: 24 | D9: 64 | E9: =IF(D9="","",IF(INT(D9/说明!$B$5)=0,ROUND(D9,2)&"个",INT(D9/说明!$B$5)&"组"&IF(ROUND(MOD(D9,说明!$B$5),2)=0,"","+"&ROUND(MOD(D9,说明!$B$5),2)&"个"))) | F9: =ROUND(D9*说明!$B$4,0) | G9: 波动 20% · 库存 不限
A10: 西瓜种子 | B10: 普通 | C10: 24 | D10: 64 | E10: =IF(D10="","",IF(INT(D10/说明!$B$5)=0,ROUND(D10,2)&"个",INT(D10/说明!$B$5)&"组"&IF(ROUND(MOD(D10,说明!$B$5),2)=0,"","+"&ROUND(MOD(D10,说明!$B$5),2)&"个"))) | F10: =ROUND(D10*说明!$B$4,0) | G10: 波动 20% · 库存 不限
A11: 可可豆 | B11: 普通 | C11: 24 | D11: 128 | E11: =IF(D11="","",IF(INT(D11/说明!$B$5)=0,ROUND(D11,2)&"个",INT(D11/说明!$B$5)&"组"&IF(ROUND(MOD(D11,说明!$B$5),2)=0,"","+"&ROUND(MOD(D11,说明!$B$5),2)&"个"))) | F11: =ROUND(D11*说明!$B$4,0) | G11: 波动 20% · 库存 不限
A12: 甘蔗 | B12: 普通 | C12: 16 | D12: 64 | E12: =IF(D12="","",IF(INT(D12/说明!$B$5)=0,ROUND(D12,2)&"个",INT(D12/说明!$B$5)&"组"&IF(ROUND(MOD(D12,说明!$B$5),2)=0,"","+"&ROUND(MOD(D12,说明!$B$5),2)&"个"))) | F12: =ROUND(D12*说明!$B$4,0) | G12: 波动 20% · 库存 不限
A13: 仙人掌 | B13: 普通 | C13: 16 | D13: 64 | E13: =IF(D13="","",IF(INT(D13/说明!$B$5)=0,ROUND(D13,2)&"个",INT(D13/说明!$B$5)&"组"&IF(ROUND(MOD(D13,说明!$B$5),2)=0,"","+"&ROUND(MOD(D13,说明!$B$5),2)&"个"))) | F13: =ROUND(D13*说明!$B$4,0) | G13: 波动 20% · 库存 不限
A14: 红色蘑菇 | B14: 普通 | C14: 24 | D14: 64 | E14: =IF(D14="","",IF(INT(D14/说明!$B$5)=0,ROUND(D14,2)&"个",INT(D14/说明!$B$5)&"组"&IF(ROUND(MOD(D14,说明!$B$5),2)=0,"","+"&ROUND(MOD(D14,说明!$B$5),2)&"个"))) | F14: =ROUND(D14*说明!$B$4,0) | G14: 波动 20% · 库存 不限
A15: 棕色蘑菇 | B15: 普通 | C15: 24 | D15: 64 | E15: =IF(D15="","",IF(INT(D15/说明!$B$5)=0,ROUND(D15,2)&"个",INT(D15/说明!$B$5)&"组"&IF(ROUND(MOD(D15,说明!$B$5),2)=0,"","+"&ROUND(MOD(D15,说明!$B$5),2)&"个"))) | F15: =ROUND(D15*说明!$B$4,0) | G15: 波动 20% · 库存 不限
A16: 骨粉 | B16: 普通 | C16: 36 | D16: 8 | E16: =IF(D16="","",IF(INT(D16/说明!$B$5)=0,ROUND(D16,2)&"个",INT(D16/说明!$B$5)&"组"&IF(ROUND(MOD(D16,说明!$B$5),2)=0,"","+"&ROUND(MOD(D16,说明!$B$5),2)&"个"))) | F16: =ROUND(D16*说明!$B$4,0) | G16: 波动 20% · 库存 不限
... A191: 附魔书：束锋诅咒（模组） I | B191: 珍宝（特殊附魔书） | C191: 400 | D191: 400 | E191: =IF(D191="","",IF(INT(D191/说明!$B$5)=0,ROUND(D191,2)&"个",INT(D191/说明!$B$5)&"组"&IF(ROUND(MOD(D191,说明!$B$5),2)=0,"","+"&ROUND(MOD(D191,说明!$B$5),2)&"个"))) | F191: =ROUND(D191*说明!$B$4,0) | G191: 波动 8% · 库存 1 本 · 等级 100%

Sheet 数据备份
A1: 编号 | B1: 交易方向 | C1: 品质/池 | D1: 商品 | E1: 变体/等级 | F1: 单位 | G1: 原基础价金币 | H1: 原手调小麦价值 | I1: 波动率 | J1: 日库存 | K1: 等级概率 | L1: 源文档位置 | M1: 备注
A2: S001 | B2: 玩家出售给商人 | C2: 核心农产 | D2: 小麦 | F2: 1 | G2: 50 | H2: 1 | I2: 0.35 | J2: 不限 | L2: 第7节，L303
A3: S002 | B3: 玩家出售给商人 | C3: 核心农产 | D3: 胡萝卜 | F3: 1 | G3: 50 | H3: 1 | I3: 0.35 | J3: 不限 | L3: 第7节，L304
A4: S003 | B4: 玩家出售给商人 | C4: 核心农产 | D4: 马铃薯 | F4: 1 | G4: 40 | H4: 0.8 | I4: 0.35 | J4: 不限 | L4: 第7节，L305
A5: S004 | B5: 玩家出售给商人 | C5: 核心农产 | D5: 甜菜根 | F5: 1 | G5: 70 | H5: 1.4 | I5: 0.35 | J5: 不限 | L5: 第7节，L306
A6: S005 | B6: 玩家出售给商人 | C6: 核心农产 | D6: 南瓜 | F6: 1 | G6: 170 | H6: 3.4 | I6: 0.35 | J6: 不限 | L6: 第7节，L307
A7: S006 | B7: 玩家出售给商人 | C7: 核心农产 | D7: 西瓜 | F7: 1 | G7: 250 | H7: 5 | I7: 0.35 | J7: 不限 | L7: 第7节，L308
A8: S007 | B8: 玩家出售给商人 | C8: 核心农产 | D8: 西瓜片 | F8: 1 | G8: 30 | H8: 0.6 | I8: 0.35 | J8: 不限 | L8: 第7节，L309
A9: S008 | B9: 玩家出售给商人 | C9: 核心农产 | D9: 甘蔗 | F9: 1 | G9: 40 | H9: 0.8 | I9: 0.35 | J9: 不限 | L9: 第7节，L310
A10: S009 | B10: 玩家出售给商人 | C10: 核心农产 | D10: 仙人掌 | F10: 1 | G10: 30 | H10: 0.6 | I10: 0.35 | J10: 不限 | L10: 第7节，L311
A11: S010 | B11: 玩家出售给商人 | C11: 次级农产 | D11: 可可豆 | F11: 1 | G11: 50 | H11: 1 | I11: 0.3 | J11: 不限 | L11: 第7节，L312
A12: S011 | B12: 玩家出售给商人 | C12: 次级农产 | D12: 红色蘑菇 | F12: 1 | G12: 50 | H12: 1 | I12: 0.3 | J12: 不限 | L12: 第7节，L313
A13: S012 | B13: 玩家出售给商人 | C13: 次级农产 | D13: 棕色蘑菇 | F13: 1 | G13: 50 | H13: 1 | I13: 0.3 | J13: 不限 | L13: 第7节，L314
... A165: B164 | B165: 玩家向商人购买 | C165: 珍宝 | D165: 不死图腾 | F165: 1 个 | G165: 100000 | H165: 2000 | I165: 0.08 | J165: 1 个 | L165: 第8节，L501
A166: B165 | B166: 玩家向商人购买 | C166: 珍宝 | D166: 唱片 13 | F166: 1 个 | G166: 50000 | H166: 1000 | I166: 0.08 | J166: 1 个 | L166: 第8节，L502 | M166: 注意：第8.4表为50,000；L518文字说明写为5,000，源文档存在冲突。
A167: B166 | B167: 玩家向商人购买 | C167: 珍宝 | D167: 唱片 cat | F167: 1 个 | G167: 50000 | H167: 1000 | I167: 0.08 | J167: 1 个 | L167: 第8节，L503 | M167: 注意：第8.4表为50,000；L518文字说明写为5,000，源文档存在冲突。
A168: B167 | B168: 玩家向商人购买 | C168: 珍宝 | D168: 唱片 blocks | F168: 1 个 | G168: 50000 | H168: 1000 | I168: 0.08 | J168: 1 个 | L168: 第8节，L504 | M168: 注意：第8.4表为50,000；L518文字说明写为5,000，源文档存在冲突。
A169: B168 | B169: 玩家向商人购买 | C169: 珍宝 | D169: 唱片 chirp | F169: 1 个 | G169: 50000 | H169: 1000 | I169: 0.08 | J169: 1 个 | L169: 第8节，L505 | M169: 注意：第8.4表为50,000；L518文字说明写为5,000，源文档存在冲突。
A170: B169 | B170: 玩家向商人购买 | C170: 珍宝 | D170: 唱片 far | F170: 1 个 | G170: 50000 | H170: 1000 | I170: 0.08 | J170: 1 个 | L170: 第8节，L506 | M170: 注意：第8.4表为50,000；L518文字说明写为5,000，源文档存在冲突。
A171: B170 | B171: 玩家向商人购买 | C171: 珍宝 | D171: 唱片 mall | F171: 1 个 | G171: 50000 | H171: 1000 | I171: 0.08 | J171: 1 个 | L171: 第8节，L507 | M171: 注意：第8.4表为50,000；L518文字说明写为5,000，源文档存在冲突。
A172: B171 | B172: 玩家向商人购买 | C172: 珍宝 | D172: 唱片 mellohi | F172: 1 个 | G172: 50000 | H172: 1000 | I172: 0.08 | J172: 1 个 | L172: 第8节，L508 | M172: 注意：第8.4表为50,000；L518文字说明写为5,000，源文档存在冲突。
A173: B172 | B173: 玩家向商人购买 | C173: 珍宝 | D173: 唱片 stal | F173: 1 个 | G173: 50000 | H173: 1000 | I173: 0.08 | J173: 1 个 | L173: 第8节，L509 | M173: 注意：第8.4表为50,000；L518文字说明写为5,000，源文档存在冲突。
A174: B173 | B174: 玩家向商人购买 | C174: 珍宝 | D174: 唱片 strad | F174: 1 个 | G174: 50000 | H174: 1000 | I174: 0.08 | J174: 1 个 | L174: 第8节，L510 | M174: 注意：第8.4表为50,000；L518文字说明写为5,000，源文档存在冲突。
A175: B174 | B175: 玩家向商人购买 | C175: 珍宝 | D175: 唱片 ward | F175: 1 个 | G175: 50000 | H175: 1000 | I175: 0.08 | J175: 1 个 | L175: 第8节，L511 | M175: 注意：第8.4表为50,000；L518文字说明写为5,000，源文档存在冲突。
A176: B175 | B176: 玩家向商人购买 | C176: 珍宝 | D176: 唱片 11 | F176: 1 个 | G176: 50000 | H176: 1000 | I176: 0.08 | J176: 1 个 | L176: 第8节，L512 | M176: 注意：第8.4表为50,000；L518文字说明写为5,000，源文档存在冲突。
A177: B176 | B177: 玩家向商人购买 | C177: 珍宝 | D177: 唱片 wait | F177: 1 个 | G177: 50000 | H177: 1000 | I177: 0.08 | J177: 1 个 | L177: 第8节，L513 | M177: 注意：第8.4表为50,000；L518文字说明写为5,000，源文档存在冲突。
A178: E177 | B178: 玩家向商人购买 | C178: 珍宝（特殊附魔书） | D178: 附魔书：经验修补 | E178: I | F178: 1 本 | G178: 120000 | H178: 2400 | I178: 0.08 | J178: 1 本 | K178: 100% | L178: 第8.5节，L526 | M178: 源表可出售等级：I
A179: E178 | B179: 玩家向商人购买 | C179: 珍宝（特殊附魔书） | D179: 附魔书：冰霜行者 | E179: I | F179: 1 本 | G179: 50000 | H179: 1000 | I179: 0.08 | J179: 1 本 | K179: 65% | L179: 第8.5节，L527 | M179: 源表可出售等级：I～II
A180: E179 | B180: 玩家向商人购买 | C180: 珍宝（特殊附魔书） | D180: 附魔书：冰霜行者 | E180: II | F180: 1 本 | G180: 80000 | H180: 1600 | I180: 0.08 | J180: 1 本 | K180: 35% | L180: 第8.5节，L527 | M180: 源表可出售等级：I～II
A181: E180 | B181: 玩家向商人购买 | C181: 珍宝（特殊附魔书） | D181: 附魔书：绑定诅咒 | E181: I | F181: 1 本 | G181: 20000 | H181: 400 | I181: 0.08 | J181: 1 本 | K181: 100% | L181: 第8.5节，L528 | M181: 源表可出售等级：I
A182: E181 | B182: 玩家向商人购买 | C182: 珍宝（特殊附魔书） | D182: 附魔书：消失诅咒 | E182: I | F182: 1 本 | G182: 20000 | H182: 400 | I182: 0.08 | J182: 1 本 | K182: 100% | L182: 第8.5节，L529 | M182: 源表可出售等级：I
A183: E182 | B183: 玩家向商人购买 | C183: 珍宝（特殊附魔书） | D183: 附魔书：丰收（模组） | E183: I | F183: 1 本 | G183: 50000 | H183: 1000 | I183: 0.08 | J183: 1 本 | K183: 50% | L183: 第8.5节，L530 | M183: 源表可出售等级：I～III
A184: E183 | B184: 玩家向商人购买 | C184: 珍宝（特殊附魔书） | D184: 附魔书：丰收（模组） | E184: II | F184: 1 本 | G184: 80000 | H184: 1600 | I184: 0.08 | J184: 1 本 | K184: 35% | L184: 第8.5节，L530 | M184: 源表可出售等级：I～III
A185: E184 | B185: 玩家向商人购买 | C185: 珍宝（特殊附魔书） | D185: 附魔书：丰收（模组） | E185: III | F185: 1 本 | G185: 120000 | H185: 2400 | I185: 0.08 | J185: 1 本 | K185: 15% | L185: 第8.5节，L530 | M185: 源表可出售等级：I～III
A186: E185 | B186: 玩家向商人购买 | C186: 珍宝（特殊附魔书） | D186: 附魔书：耕地行者（模组） | E186: I | F186: 1 本 | G186: 35000 | H186: 700 | I186: 0.08 | J186: 1 本 | K186: 50% | L186: 第8.5节，L531 | M186: 源表可出售等级：I～III
A187: E186 | B187: 玩家向商人购买 | C187: 珍宝（特殊附魔书） | D187: 附魔书：耕地行者（模组） | E187: II | F187: 1 本 | G187: 55000 | H187: 1100 | I187: 0.08 | J187: 1 本 | K187: 35% | L187: 第8.5节，L531 | M187: 源表可出售等级：I～III
A188: E187 | B188: 玩家向商人购买 | C188: 珍宝（特殊附魔书） | D188: 附魔书：耕地行者（模组） | E188: III | F188: 1 本 | G188: 80000 | H188: 1600 | I188: 0.08 | J188: 1 本 | K188: 15% | L188: 第8.5节，L531 | M188: 源表可出售等级：I～III
A189: E188 | B189: 玩家向商人购买 | C189: 珍宝（特殊附魔书） | D189: 附魔书：田园眷顾（模组） | E189: I | F189: 1 本 | G189: 30000 | H189: 600 | I189: 0.08 | J189: 1 本 | K189: 45% | L189: 第8.5节，L532 | M189: 源表可出售等级：I～IV
... A217: E216 | B217: 玩家向商人购买 | C217: 珍宝（特殊附魔书） | D217: 附魔书：束锋诅咒（模组） | E217: I | F217: 1 本 | G217: 20000 | H217: 400 | I217: 0.08 | J217: 1 本 | K217: 100% | L217: 第8.5节，L541 | M217: 源表可出售等级：I
